{
  "appTitle": "Deliaxe Paint",
  "appSubtitle": "Retro pixel art support suite",
  "copyright": "© 2025",
  "company": "Anarkade",
  "uploadImage": "Upload Image",
  "orText": "or",
  "loadFromUrl": "Load from URL",
  "loadFromCamera": "Load from Camera",
  "enterImageUrl": "Enter image URL...",
  "loadUrl": "Load URL",
  "capture": "Capture",
  "switchCamera": "Switch Camera",
  "close": "Close",
  "selectPalette": "Change Palette [P]",
  "originalPalette": "Original",
  "gameBoy": "Game Boy (GB Studio sprites)",
  "gameBoyBg": "Game Boy (GB Studio backgrounds)",
  "megaDriveSingle": "Mega Drive Single (16 colors)",
  "megaDriveMulti": "Mega Drive Multi (64 colors)",
  "neoGeoSingle": "Neo Geo Single (16 colors)",
  "neoGeoMulti": "Neo Geo Multi (256 colors)",
  "zxSpectrum": "ZX Spectrum (16 colors)",
  "undo": "Undo",
  "redo": "Redo",
  "consolePlatform": "Console/Platform",
  "paletteColors": "Palette Colors",
  "colorPalette": "Color palette",
  "extractColors": "Extract Colors",
  "dragToReorder": "Drag to reorder",
  "clickToChange": "Click colors to change them",
  "paletteInstructions": "Click a color to modify it or drag it to change its palette position",
  "processImageFirst": "Process an image first to enable export options",
  "scalingMode": "Scaling Mode",
  "stretch": "Stretch",
  "center": "Center",
  "fit": "Fit",
  "dontScale": "Don't scale",
  "imageCopiedToClipboard": "Image copied to clipboard!",
  "shareOnTwitter": "Share on Twitter",
  "language": "Language",
  "processed": "Processed",
  "tileGrid": "Tile grid",
  "framesGrid": "Frames grid",
  "tileSize": "Tile size",
  "frameSize": "Frame size",
  "tileWidth": "Width",
  "tileHeight": "Height",
  "frameWidth": "Width",
  "frameHeight": "Height",
  "originalIndexedPng": "Original:",
  "resolution": "Resolution",
  "originalSize": "Original",
  "gameBoyRes": "Game Boy, Game Gear",
  "amstradCpc0": "Amstrad CPC mode 0, Commodore 64 Multicolor",
  "megaDriveNtscH32": "Master System, Mega Drive NTSC H32, NES PAL, SNES",
  "megaDrivePalH32": "Master System PAL, Mega Drive PAL H32, NES NTSC, Master System PAL",
  "neoGeoCd": "Neo Geo CD",
  "amstradCpc1": "Amstrad CPC mode 1, Commodore 64 High-Res, Commodore Amiga Low Res NTSC",
  "megaDriveNtscH40": "Mega Drive NTSC H40, Neo Geo",
  "megaDrivePalH40": "Mega Drive PAL H40",
  "amstradCpc2": "Amstrad CPC mode 2, Commodore Amiga Hi-Res NTSC",
  "amigaLowResPal": "Commodore Amiga Low Res PAL",
  "amigaHiResPal": "Commodore Amiga Hi-Res PAL",
  "msxZxSpectrum": "MSX, Master System, ZX Spectrum",
  "msxPlatform": "MSX",
  "cpsArcade": "CPS1, CPS2, CPS3",
  "pspPlatform": "PSP",
  "vgaAmiga": "VGA, Commodore Amiga ECS",
  "stretchToFit": "Stretch to fit",
  "centerWithBars": "Center with black bars",
  "scaleToFit": "Scale to fit",
  "imageLoaded": "Image loaded successfully!",
  "imageLoadError": "Failed to load image",
  "imageDownloaded": "Image downloaded!",
  "imageTooLarge": "Image too large! Maximum size is 4096x4096px",
  "exportSuccess": "Export completed successfully!",
  "loadImageToStart": "Import an image to start editing",
  "canvasNotSupported": "Canvas not supported",
  "targetResolutionTooLarge": "Target resolution too large! Maximum is 4096px",
  "imageTooLargeToProcess": "Image too large to process. Try a smaller image or resolution.",
  "errorProcessingImage": "Error processing image",
  "noFileChosen": "No file chosen",
  "pageNotFound": "404",
  "oopsPageNotFound": "Oops! Page not found",
  "returnToHome": "Return to Home",
  "gameBoyColors": "4 colors (green)",
  "megaDrive16": "Mega Drive (sprite sheet)",
  "megaDrive16Colors": "16 colors (RGB 3-3-3)",
  "megaDriveMultiColors": "64 colors (4×16)",
  "megaDriveSingleColors": "16 colors (9-bit)",
  "neoGeoMultiColors": "4096 colors (16×256)",
  "neoGeoSingleColors": "16 colors (15-bit)",
  "zxSpectrumColors": "16 colors (4-bit)",
  "cgaPalette0": "CGA Palette 0",
  "cgaPalette1": "CGA Palette 1",
  "cgaPalette2": "CGA Palette 2",
  "gameBoyRealistic": "Game Boy (Realistic)",
  "amstradCpc": "Amstrad CPC",
  "nesPalette": "NES",
  "commodore64": "Commodore 64",
  "zxSpectrumPalette": "ZX Spectrum",
  "cgaColors": "4 colors (CGA)",
  "amstradCpcColors": "27 colors",
  "nesColors": "64 colors",
  "commodore64Colors": "16 colors",
  "alignTopLeft": "Top Left",
  "alignTopCenter": "Top Center",
  "alignTopRight": "Top Right",
  "alignMiddleLeft": "Middle Left",
  "alignMiddleCenter": "Middle Center",
  "alignMiddleRight": "Middle Right",
  "alignBottomLeft": "Bottom Left",
  "alignBottomCenter": "Bottom Center",
  "alignBottomRight": "Bottom Right",
  "changeCamera": "Change camera",
  "cameraError": "Camera Error",
  "cameraNotAvailable": "Camera not available or access denied",
  "cameraTimeout": "Camera timeout - please try again",
  "cameraNotReadable": "Could not start camera - please check permissions",
  "exportAtOriginalSize": "Export at original size",
  "exportWithoutGrids": "Export without grids",
  "loadImageDescription": "Import, capture, or paste an image to start editing",
  "changePaletteDescription": "Select a retro console color palette to apply",
  "changeResolutionDescription": "Choose target resolution and scaling mode",
  "changeGridsDescription": "Configure tile and frame grid overlays",
  "exportImageDescription": "Download or share your processed image",
  "zoomedResolution": "zoomed",
  "languageNames.en": "English",
  "languageNames.es-ES": "Español (España)",
  "languageNames.es-LA": "Español (Latinoamérica)",
  "languageNames.ca": "Català",
  "languageNames.zh-CN": "简体中文",
  "languageNames.zh-TW": "繁體中文",
  "languageNames.ja": "日本語",
  "languageNames.it": "Italiano",
  "languageNames.de": "Deutsch",
  "languageNames.fr": "Français",
  "languageNames.pt-PT": "Português (Portugal)",
  "languageNames.ru": "Русский",
  "languageNames.pt-BR": "Português (Brasil)",
  "languageNames.pl": "Polski",
  "languageNames.tr": "Türkçe",
  "languageNames.eu": "Euskera",
  "languageNames.oc": "Aranés",
  "languageNames.th": "ไทย",
  "languageNames.ko": "한국어",
  "languageNames.cs": "Čeština",
  "noImageFoundInClipboard": "No image found in clipboard",
  "failedToReadClipboard": "Failed to read clipboard. Please make sure you have an image copied.",
  "pleaseDropImageFile": "Please drop an image file",
  "clipboardError": "Failed to copy image to clipboard",
  "copyImageError": "Failed to copy image to clipboard",
  "dropboxComingSoon": "Dropbox integration coming soon!",
  "googleDriveComingSoon": "Google Drive integration coming soon!",
  "selectCamera": "Select camera",
  "noCamerasDetected": "No cameras detected, please close and try again after connecting, activating and enabling a camera",
  "camera1": "Camera 1",
  "camera2": "Camera 2",
  "camera3": "Camera 3"
}