{
  "appTitle": "Deliaxe Paint",
  "appSubtitle": "ชุดเครื่องมือสำหรับงานพิกเซลอาร์ตสไตล์เรโทร",
  "copyright": "© 2025",
  "company": "Anarkade",
  "uploadImage": "อัปโหลดรูป",
  "dragDropText": "โหลด รูปโดยลากและวาง หรือวางจากคลิปบอร์ด",
  "orText": "หรือ",
  "loadFromUrl": "โหลดจาก URL",
  "loadFromCamera": "โหลดจากกล้อง",
  "enterImageUrl": "ป้อน URL ของรูป...",
  "loadUrl": "โหลด URL",
  "uploadFile": "อัปโหลดไฟล์",
  "fromUrl": "จาก URL",
  "camera": "กล้อง",
  "capture": "จับภาพ",
  "switchCamera": "สลับกล้อง",
  "close": "ปิด",
  "selectPalette": "เปลี่ยนพาเลท [P]",
  "originalPalette": "ต้นฉบับ",
  "gameBoy": "Game Boy (สไปรท์ GB Studio)",
  "gameBoyBg": "Game Boy (พื้นหลัง GB Studio)",
  "megaDriveSingle": "Mega Drive แบบเดียว (16 สี)",
  "megaDriveMulti": "Mega Drive หลายสี (64 สี)",
  "neoGeoSingle": "Neo Geo แบบเดียว (16 สี)",
  "neoGeoMulti": "Neo Geo หลายสี (256 สี)",
  "zxSpectrum": "ZX Spectrum (16 สี)",
  "undo": "เลิกทำ",
  "redo": "ทำซ้ำ",
  "consolePlatform": "คอนโซล/แพลตฟอร์ม",
  "paletteColors": "สีพาเลท",
  "colorPalette": "พาเลทสี",
  "extractColors": "ดึงสี",
  "dragToReorder": "ลากเพื่อจัดลำดับ",
  "clickToChange": "คลิกสีเพื่อเปลี่ยน",
  "paletteInstructions": "คลิกสีเพื่อแก้ไข หรือลากเพื่อเปลี่ยนตำแหน่งในพาเลท",
  "loadImageDesc": "โหลด รูปโดยลากและวาง หรือวางจากคลิปบอร์ด",
  "changePaletteDesc": "เลือกพาเลทสีของคอนโซลเรโทรเพื่อนำไปใช้",
  "changeResolutionDesc": "เลือกความละเอียดเป้าหมายและโหมดสเกล",
  "changeGridsDesc": "กำหนดการซ้อนทับกริดของไทล์และเฟรม",
  "exportImageDesc": "ดาวน์โหลดหรือแชร์รูปที่ประมวลผลแล้ว",
  "colorsPalette": "พาเลทสี",
  "paletteWithCount": "พาเลท {count} สี",
  "processImageFirst": "ประมวลผลรูปก่อนเพื่อเปิดใช้งานตัวเลือกการส่งออก",
  "scalingMode": "โหมดสเกล",
  "stretch": "ยืด",
  "center": "กึ่งกลาง",
  "fit": "ปรับให้พอดี",
  "dontScale": "ไม่ย่อ/ขยาย",
  "downloadPng": "ดาวน์โหลด PNG",
  "copyToClipboard": "คัดลอกไปยังคลิปบอร์ด",
  "imageCopiedToClipboard": "คัดลอกรูปไปยังคลิปบอร์ดแล้ว!",
  "shareOnTwitter": "แชร์บน Twitter",
  "language": "ภาษา",
  "original": "ต้นฉบับ",
  "processed": "ประมวลผลแล้ว",
  "fitToWidth": "ปรับให้พอดีกับความกว้าง",
  "zoom": "ซูม",
  "tileGrid": "กริดไทล์",
  "framesGrid": "กริดเฟรม",
  "tileSize": "ขนาดไทล์",
  "frameSize": "ขนาดเฟรม",
  "tileWidth": "ความกว้าง",
  "tileHeight": "ความสูง",
  "tileGridColor": "สีกริดไทล์",
  "frameWidth": "ความกว้าง",
  "frameHeight": "ความสูง",
  "frameGridColor": "สีกริดเฟรม",
  "originalIndexedPng": "ต้นฉบับ:",
  "integerScaling": "สเกลเป็นจำนวนเต็ม",
  "width": "ความกว้าง",
  "height": "ความสูง",
  "resolution": "ความละเอียด",
  "targetResolution": "ความละเอียดเป้าหมาย",
  "originalSize": "ต้นฉบับ",
  "keepOriginalSize": "เก็บขนาดต้นฉบับ",
  "unscaledSize": "ความละเอียดไม่สเกล",
  "removeScaling": "นำการสเกลออกจาก pixel art",
  "gameBoyRes": "Game Boy, Game Gear",
  "amstradCpc0": "โหมด Amstrad CPC 0, Commodore 64 หลายสี",
  "megaDriveNtscH32": "Master System, Mega Drive NTSC H32, NES PAL, SNES",
  "megaDrivePalH32": "Master System PAL, Mega Drive PAL H32, NES NTSC, Master System PAL",
  "neoGeoCd": "Neo Geo CD",
  "amstradCpc1": "โหมด Amstrad CPC 1, Commodore 64 ความละเอียดสูง, Amiga ความละเอียดต่ำ NTSC",
  "megaDriveNtscH40": "Mega Drive NTSC H40, Neo Geo",
  "megaDrivePalH40": "Mega Drive PAL H40",
  "amstradCpc2": "โหมด Amstrad CPC 2, Commodore Amiga Hi-Res NTSC",
  "amigaLowResPal": "Commodore Amiga ความละเอียดต่ำ PAL",
  "amigaHiResPal": "Commodore Amiga ความละเอียดสูง PAL",
  "msxZxSpectrum": "MSX, Master System, ZX Spectrum",
  "msxPlatform": "MSX",
  "cpsArcade": "CPS1, CPS2, CPS3",
  "pspPlatform": "PSP",
  "msxHiRes": "MSX 2",
  "gameBoyAdvance": "Game Boy Advance",
  "vgaAmiga": "VGA, Commodore Amiga ECS",
  "stretchToFit": "ยืดให้พอดี",
  "centerWithBars": "กึ่งกลางพร้อมแถบสีดำ",
  "scaleToFit": "สเกลให้พอดี",
  "imageLoaded": "โหลดรูปสำเร็จ!",
  "imageLoadError": "โหลดรูปไม่สำเร็จ",
  "imageDownloaded": "ดาวน์โหลดรูปแล้ว!",
  "imageTooLarge": "รูปมีขนาดใหญ่เกินไป! ขนาดสูงสุดคือ 4096×4096px",
  "exportSuccess": "ส่งออกสำเร็จ!",
  "loadImageToStart": "นำเข้ารูปเพื่อเริ่มแก้ไข",
  "canvasNotSupported": "เบราว์เซอร์ไม่รองรับ Canvas",
  "targetResolutionTooLarge": "ความละเอียดเป้าหมายใหญ่เกินไป! สูงสุดคือ 4096px",
  "imageTooLargeToProcess": "รูปใหญ่เกินกว่าจะประมวลผล ลองใช้รูปที่เล็กลงหรือความละเอียดต่ำลง",
  "errorProcessingImage": "เกิดข้อผิดพลาดขณะประมวลผลรูป",
  "chooseFile": "เลือกไฟล์",
  "noFileChosen": "ยังไม่ได้เลือกไฟล์",
  "pageNotFound": "404",
  "oopsPageNotFound": "โอ๊ะ! ไม่พบหน้า",
  "returnToHome": "กลับสู่หน้าแรก",
  "unlimitedColors": "ไม่จำกัด",
  "gameBoyColors": "4 สี (เขียว)",
  "megaDrive16": "Mega Drive (สไปรท์ชีต)",
  "megaDrive16Colors": "16 สี (RGB 3-3-3)",
  "megaDriveMultiColors": "64 สี (4×16)",
  "megaDriveSingleColors": "16 สี (9-bit)",
  "neoGeoMultiColors": "4096 สี (16×256)",
  "neoGeoSingleColors": "16 สี (15-bit)",
  "zxSpectrumColors": "16 สี (4-bit)",
  "cgaPalette0": "พาเลท CGA 0",
  "cgaPalette1": "พาเลท CGA 1",
  "cgaPalette2": "พาเลท CGA 2",
  "gameBoyRealistic": "Game Boy (สมจริง)",
  "amstradCpc": "Amstrad CPC",
  "nesPalette": "NES",
  "commodore64": "Commodore 64",
  "zxSpectrumPalette": "ZX Spectrum",
  "cgaColors": "4 สี (CGA)",
  "amstradCpcColors": "27 สี",
  "nesColors": "64 สี",
  "commodore64Colors": "16 สี",
  "alignment": "การจัดตำแหน่ง",
  "alignTopLeft": "มุมบนซ้าย",
  "alignTopCenter": "บนกลาง",
  "alignTopRight": "มุมบนขวา",
  "alignMiddleLeft": "กลางซ้าย",
  "alignMiddleCenter": "กึ่งกลาง",
  "alignMiddleRight": "กลางขวา",
  "alignBottomLeft": "มุมล่างซ้าย",
  "alignBottomCenter": "ล่างกลาง",
  "alignBottomRight": "มุมล่างขวา",
  "showTileGrid": "แสดงกริดไทล์",
  "showFrameGrid": "แสดงกริดเฟรม",
  "loadFromClipboard": "โหลดจากคลิปบอร์ด",
  "changeCamera": "เปลี่ยนกล้อง",
  "cameraError": "ข้อผิดพลาดกล้อง",
  "cameraNotAvailable": "ไม่พบกล้อง หรือปฏิเสธการเข้าถึง",
  "cameraTimeout": "การเชื่อมต่อกล้องหมดเวลา — โปรดลองอีกครั้ง",
  "cameraNotReadable": "ไม่สามารถเริ่มกล้อง — ตรวจสอบสิทธิ์",
  "exportAtCurrentZoom": "ส่งออกที่การซูมปัจจุบัน",
  "exportAtOriginalSize": "ส่งออกที่ขนาดต้นฉบับ",
  "exportWithGrids": "ส่งออกพร้อมกริด",
  "exportWithoutGrids": "ส่งออกโดยไม่รวมกริด",
  "exportFormat": "รูปแบบการส่งออก",
  "exportTypes": "ประเภทการส่งออก",
  "loadImageDescription": "นำเข้าหรือจับภาพ หรือวางรูปเพื่อเริ่มแก้ไข",
  "changePaletteDescription": "เลือกพาเลทสีของคอนโซลเรโทรเพื่อใช้งาน",
  "changeResolutionDescription": "เลือกความละเอียดเป้าหมายและโหมดการสเกล",
  "changeGridsDescription": "กำหนดทับเส้นกริดของไทล์และเฟรม",
  "exportImageDescription": "ดาวน์โหลดหรือแชร์ภาพที่ประมวลผลแล้ว",
  "zoomedResolution": "zoomed",
  "zoomedDimensions": "({width}×{height} zoomed)",
  "png8IndexedFormat": "PNG-8 ดัชนี ({count} พาเลทสี)",
  "png24IndexedFormat": "PNG-24 ดัชนี ({count} พาเลทสี)",
  "png24RgbFormat": "PNG-24 RGB",
  "captureButton": "จับภาพ",
  "languageNames.en": "English",
  "languageNames.es-ES": "Español (España)",
  "languageNames.es-LA": "Español (Latinoamérica)",
  "languageNames.ca": "Català",
  "languageNames.zh-CN": "简体中文",
  "languageNames.zh-TW": "繁體中文",
  "languageNames.ja": "日本語",
  "languageNames.it": "Italiano",
  "languageNames.de": "Deutsch",
  "languageNames.fr": "Français",
  "languageNames.pt-PT": "Português (Portugal)",
  "languageNames.ru": "Русский",
  "languageNames.pt-BR": "Português (Brasil)",
  "languageNames.pl": "Polski",
  "languageNames.tr": "Türkçe",
  "languageNames.eu": "Euskera",
  "languageNames.oc": "Aranés",
  "languageNames.th": "ไทย",
  "languageNames.ko": "한국어",
  "languageNames.cs": "Čeština",
  "noImageFoundInClipboard": "ไม่พบรูปในคลิปบอร์ด",
  "failedToReadClipboard": "ไม่สามารถอ่านคลิปบอร์ดได้ โปรดตรวจสอบว่ามีรูปถูกคัดลอกไว้",
  "pleaseDropImageFile": "โปรดปล่อยไฟล์รูป",
  "clipboardError": "คัดลอกรูปไปยังคลิปบอร์ดไม่สำเร็จ",
  "copyImageError": "คัดลอกรูปไปยังคลิปบอร์ดไม่สำเร็จ",
  "clickToChangeColor": "คลิกสีเพื่อแก้ไข หรือลากเพื่อเปลี่ยนตำแหน่งในพาเลท",
  "dropboxComingSoon": "การผนวกรวม Dropbox เร็ๆ นี้",
  "googleDriveComingSoon": "การผนวกรวม Google Drive เร็ๆ นี้",
  "selectCamera": "เลือกกล้อง",
  "noCamerasDetected": "ไม่พบกล้อง; โปรดเชื่อมต่อ เปิดใช้งาน แล้วลองอีกครั้ง",
  "camera1": "กล้อง 1",
  "camera2": "กล้อง 2",
  "camera3": "กล้อง 3"
}
