{
  "scalingMode": "MT: Scaling Mode",
  "stretch": "MT: Stretch",
  "fit": "MT: Fit",
  "dontScale": "MT: Don't scale",
  "gameBoyRes": "MT: Game Boy, Game Gear",
  "megaDrivePalH32": "MT: Master System PAL, Mega Drive PAL H32, NES NTSC, Master System PAL",
  "vgaAmiga": "MT: VGA, Commodore Amiga ECS",
  "loadImageDescription": "MT: Import, capture, or paste an image to start editing",
  "languageNames.en": "MT: English",
  "languageNames.es-ES": "MT: Español (España)",
  "selectCamera": "MT: Select camera"
}