{
  "loadImage": "MT: Import Image [I]",
  "paletteViewer": "MT: Palette Viewer",
  "changeResolution": "MT: Change Resolution [R]",
  "changeGrids": "MT: Change Grids [G]",
  "settings": "MT: Settings",
  "exportImage": "MT: Export Image [E]",
  "preview": "MT: Preview",
  "loadImageDesc": "MT: Load, drag and drop or paste an image",
  "changePaletteDesc": "MT: Select a retro platform color palette to apply",
  "changeResolutionDesc": "MT: Choose target resolution and scaling mode",
  "changeGridsDesc": "MT: Configure tile and frame grid overlays",
  "exportImageDesc": "MT: Download or share your processed image",
  "colorsPalette": "MT: colors palette",
  "changeLanguage": "MT: Change Language [L]",
  "noImageLoaded": "MT: No image loaded",
  "originalLabel": "MT: Original:",
  "processedLabel": "MT: Processed:",
  "png8Indexed": "MT: PNG-8 Indexed",
  "zoomed": "MT: zoomed",
  "changePalette": "MT: Change Palette [P]"
}