{
  "appTitle": "Deliaxe Paint",
  "appSubtitle": "Eines retro per a pixel art",
  "copyright": "© 2025",
  "company": "Anarkade",
  "uploadImage": "Pujar imatge",
  "orText": "o",
  "loadFromUrl": "Carregar des de URL",
  "loadFromCamera": "Carregar des de la càmera",
  "enterImageUrl": "Introdueix la URL de la imatge...",
  "loadUrl": "Carregar URL",
  "uploadFile": "Pujar fitxer",
  "fromUrl": "Des de URL",
  "camera": "Càmera",
  "capture": "Capturar",
  "switchCamera": "Canviar càmera",
  "close": "Tancar",
  "selectPalette": "Canviar paleta [P]",
  "originalPalette": "Original",
  "gameBoy": "Game Boy (sprites GB Studio)",
  "gameBoyBg": "Game Boy (fons GB Studio)",
  "megaDriveSingle": "Mega Drive — única (16 colors)",
  "megaDriveMulti": "Mega Drive — múltiple (64 colors)",
  "neoGeoSingle": "Neo Geo — única (16 colors)",
  "neoGeoMulti": "Neo Geo — múltiple (256 colors)",
  "zxSpectrum": "ZX Spectrum (16 colors)",
  "undo": "Desfer",
  "redo": "Refaire",
  "consolePlatform": "Consola/Plataforma",
  "paletteColors": "Colors de la paleta",
  "colorPalette": "Paleta de colors",
  "extractColors": "Extreure colors",
  "dragToReorder": "Arrossegar per reordenar",
  "clickToChange": "Fes clic a un color per canviar-lo",
  "paletteInstructions": "Fes clic a un color per modificar-lo o arrossega'l per canviar la seva posició a la paleta",
  "paletteWithCount": "{count}色调色板",
  "processImageFirst": "Processa una imatge primer per habilitar les opcions d'exportació",
  "scalingMode": "Scaling Mode",
  "stretch": "Stretch",
  "center": "Centrar",
  "fit": "Fit",
  "downloadPng": "Descarregar PNG",
  "copyToClipboard": "Copiar al porta-retalls",
  "imageCopiedToClipboard": "Imatge copiada al porta-retalls!",
  "shareOnTwitter": "Compartir a Twitter",
  "language": "Idioma",
  "original": "Original",
  "processed": "Processada",
  "fitToWidth": "Ajustar a l'amplada",
  "zoom": "Zoom",
  "tileGrid": "Reixeta de tiles",
  "framesGrid": "Reixeta de fotogrames",
  "tileSize": "Mida del tile",
  "frameSize": "Mida del fotograma",
  "tileWidth": "Amplada",
  "tileHeight": "Alçada",
  "tileGridColor": "Color de la reixeta de tiles",
  "frameWidth": "Amplada",
  "frameHeight": "Alçada",
  "frameGridColor": "Color de la reixeta de fotogrames",
  "originalIndexedPng": "Original:",
  "integerScaling": "Escalat enter",
  "width": "Amplada",
  "height": "Alçada",
  "resolution": "Resolució",
  "targetResolution": "Resolució objectiu",
  "originalSize": "Original",
  "keepOriginalSize": "Mantenir mida original",
  "unscaledSize": "Resolució sense escalat",
  "removeScaling": "Eliminar escalat del pixel art",
  "gameBoyRes": "Game Boy, Game Gear",
  "amstradCpc0": "Mode Amstrad CPC 0, Commodore 64 multicolor",
  "megaDriveNtscH32": "Master System, Mega Drive NTSC H32, NES PAL, SNES",
  "megaDrivePalH32": "Master System PAL, Mega Drive PAL H32, NES NTSC, Master System PAL",
  "neoGeoCd": "Neo Geo CD",
  "amstradCpc1": "Mode Amstrad CPC 1, Commodore 64 High-Res, Amiga Low Res NTSC",
  "megaDriveNtscH40": "Mega Drive NTSC H40, Neo Geo",
  "megaDrivePalH40": "Mega Drive PAL H40",
  "amstradCpc2": "Mode Amstrad CPC 2, Commodore Amiga Hi-Res NTSC",
  "amigaLowResPal": "Commodore Amiga Low Res PAL",
  "amigaHiResPal": "Commodore Amiga Hi-Res PAL",
  "msxZxSpectrum": "MSX, Master System, ZX Spectrum",
  "msxPlatform": "MSX",
  "cpsArcade": "CPS1, CPS2, CPS3",
  "pspPlatform": "PSP",
  "msxHiRes": "MSX 2",
  "gameBoyAdvance": "Game Boy Advance",
  "vgaAmiga": "VGA, Commodore Amiga ECS",
  "stretchToFit": "Estirar per ajustar",
  "centerWithBars": "Centrar amb bandes negres",
  "scaleToFit": "Escalar per ajustar",
  "imageLoaded": "Imatge carregada correctament!",
  "imageLoadError": "Error en carregar la imatge",
  "imageDownloaded": "Imatge descarregada!",
  "imageTooLarge": "Imatge massa gran! La mida màxima és 4096×4096px",
  "exportSuccess": "Exportació completada amb èxit!",
  "loadImageToStart": "Importa una imatge per començar a editar",
  "canvasNotSupported": "Canvas no compatible",
  "targetResolutionTooLarge": "Resolució objectiu massa gran! El màxim és 4096px",
  "imageTooLargeToProcess": "Imatge massa gran per processar. Prova amb una imatge o resolució menor.",
  "errorProcessingImage": "Error en processar la imatge",
  "chooseFile": "Escollir fitxer",
  "noFileChosen": "Cap fitxer seleccionat",
  "pageNotFound": "404",
  "oopsPageNotFound": "Ups! Pàgina no trobada",
  "returnToHome": "Tornar a l'inici",
  "unlimitedColors": "Ilimitat",
  "gameBoyColors": "4 colors (verd)",
  "megaDrive16": "Mega Drive (sprites)",
  "megaDrive16Colors": "16 colors (RGB 3-3-3)",
  "megaDriveMultiColors": "64 colors (4×16)",
  "megaDriveSingleColors": "16 colors (9-bit)",
  "neoGeoMultiColors": "4096 colors (16×256)",
  "neoGeoSingleColors": "16 colors (15-bit)",
  "zxSpectrumColors": "16 colors (4-bit)",
  "cgaPalette0": "Paleta CGA 0",
  "cgaPalette1": "Paleta CGA 1",
  "cgaPalette2": "Paleta CGA 2",
  "gameBoyRealistic": "Game Boy (realista)",
  "amstradCpc": "Amstrad CPC",
  "nesPalette": "NES",
  "commodore64": "Commodore 64",
  "zxSpectrumPalette": "ZX Spectrum",
  "cgaColors": "4 colors (CGA)",
  "amstradCpcColors": "27 colors",
  "nesColors": "64 colors",
  "commodore64Colors": "16 colors",
  "alignment": "Alineació",
  "alignTopLeft": "A dalt a l'esquerra",
  "alignTopCenter": "A dalt al centre",
  "alignTopRight": "A dalt a la dreta",
  "alignMiddleLeft": "Al centre esquerra",
  "alignMiddleCenter": "Al centre",
  "alignMiddleRight": "Al centre dreta",
  "alignBottomLeft": "A baix a l'esquerra",
  "alignBottomCenter": "A baix al centre",
  "alignBottomRight": "A baix a la dreta",
  "showTileGrid": "Mostrar reixeta de tiles",
  "showFrameGrid": "Mostrar reixeta de fotogrames",
  "loadFromClipboard": "Carregar des del porta-retalls",
  "changeCamera": "Canviar càmera",
  "cameraError": "Error de càmera",
  "cameraNotAvailable": "Càmera no disponible o accés denegat",
  "cameraTimeout": "Temps d'espera de la càmera — torna-ho a provar",
  "cameraNotReadable": "No s'ha pogut iniciar la càmera — comprova permisos",
  "exportAtOriginalSize": "Exportar a la mida original",
  "exportWithoutGrids": "Exportar sense reixetes",
  "loadImageDescription": "Import, capture, or paste an image to start editing",
  "changePaletteDescription": "Selecciona una paleta retro per aplicar",
  "changeResolutionDescription": "Tria la resolució objectiu i el mode d'escalat",
  "changeGridsDescription": "Configura les superposicions de reixeta de tiles i fotogrames",
  "exportImageDescription": "Descarregar o compartir la imatge processada",
  "zoomedResolution": "zoomed",
  "zoomedDimensions": "({width}×{height} ampliat)",
  "png8IndexedFormat": "PNG-8 Indexat (paleta de {count} colors)",
  "png24IndexedFormat": "PNG-24 Indexat (paleta de {count} colors)",
  "png24RgbFormat": "PNG-24 RGB",
  "captureButton": "Capturar",
  "languageNames.en": "English",
  "languageNames.es-ES": "Español (España)",
  "languageNames.es-LA": "Español (Latinoamérica)",
  "languageNames.ca": "Català",
  "languageNames.zh-CN": "简体中文",
  "languageNames.zh-TW": "繁體中文",
  "languageNames.ja": "日本語",
  "languageNames.it": "Italiano",
  "languageNames.de": "Deutsch",
  "languageNames.fr": "Français",
  "languageNames.pt-PT": "Português (Portugal)",
  "languageNames.ru": "Русский",
  "languageNames.pt-BR": "Português (Brasil)",
  "languageNames.pl": "Polski",
  "languageNames.tr": "Türkçe",
  "languageNames.eu": "Euskera",
  "languageNames.oc": "Aranés",
  "languageNames.th": "ไทย",
  "languageNames.ko": "한국어",
  "languageNames.cs": "Čeština",
  "noImageFoundInClipboard": "No s'ha trobat cap imatge al porta-retalls",
  "failedToReadClipboard": "No s'ha pogut llegir el porta-retalls. Assegura't de tenir una imatge copiada.",
  "pleaseDropImageFile": "Si us plau, deixa un fitxer d'imatge",
  "clipboardError": "Error en copiar la imatge al porta-retalls",
  "copyImageError": "Error en copiar la imatge al porta-retalls",
  "clickToChangeColor": "Fes clic a un color per editar-lo o arrossega'l per canviar la seva posició a la paleta",
  "dropboxComingSoon": "Integració amb Dropbox pròximament!",
  "googleDriveComingSoon": "Integració amb Google Drive pròximament!",
  "selectCamera": "Select camera",
  "noCamerasDetected": "No s'han detectat càmeres; tanca i torna a provar després de connectar i activar una càmera",
  "camera1": "Càmera 1",
  "camera2": "Càmera 2",
  "camera3": "Càmera 3"
}